impact,impact,impact,impact,auto,auto,auto,auto,auto,auto,auto,auto,auto,auto,auto,auto,auto,auto,auto,auto,auto,auto,auto,auto,auto,auto,auto,auto,auto,auto,auto,auto,scope
impact,impact,impact,impact,auto,auto,auto,auto,auto,auto,auto,auto,auto,auto,auto,auto,scope
impact,impact,impact,impact,auto,auto,auto,auto,auto,auto,auto,auto,auto,auto,auto,auto,auto,auto,auto,auto,auto,auto,auto,auto,scope,scope,scope,scope,scope,scope
impact,impact,impact,impact,auto,auto,auto,auto,auto,auto,auto,auto,auto,auto,auto,auto,auto,auto,auto,auto,auto,auto,scope,scope,scope,scope,scope,scope
impact,impact,impact,impact,impact,auto,auto,auto,auto,auto,auto,auto,auto,auto,auto,auto,auto,auto,auto,auto,auto,auto,auto,auto,auto,scope,scope,scope,scope,scope,scope,scope,scope,training
impact,impact,impact,impact,auto,auto,auto,auto,auto,auto,auto,auto,auto,auto,auto,auto,auto,auto,auto,auto,auto,auto,auto,auto,auto,auto,scope,scope,scope,scope,scope,scope
impact,impact,impact,impact,auto,auto,auto,auto,auto,auto,auto,auto,auto,auto,auto,auto,auto,auto,auto,auto,auto,auto,auto,auto,scope,scope,scope,scope,scope,scope,scope
impact,impact,impact,impact,auto,auto,auto,auto,auto,auto,auto,auto,auto,auto,auto,auto,auto,auto,auto,auto,auto,auto,auto,auto,scope,scope,scope,scope,scope,scope,scope
impact,impact,impact,impact,auto,auto,auto,auto,auto,auto,auto,auto,auto,auto,auto,auto,auto,auto,auto,auto,auto,auto,auto,auto,scope,scope,scope,scope,scope,scope,scope,HR
impact,impact,impact,impact,auto,auto,auto,auto,auto,auto,auto,auto,auto,auto,auto,auto,auto,auto,auto,auto,auto,auto,auto,auto,scope,scope,scope,scope,scope,scope
impact,impact,impact,impact,auto,auto,auto,auto,auto,auto,auto,auto,auto,auto,auto,auto,auto,auto,auto,auto,auto,auto,auto,auto,auto,auto,scope,scope,scope,scope,scope,scope,scope,scope
impact,impact,impact,impact,auto,auto,auto,auto,auto,auto,auto,auto,auto,auto,auto,auto,auto,auto,auto,auto,auto,auto,auto,auto,auto,auto,auto,auto,auto,auto,auto,auto,auto,auto,auto,auto,auto,auto,auto,auto,auto,auto,auto,auto,auto,auto,auto,auto,auto,auto,auto,auto,auto,auto,auto,auto,scope,scope,scope,scope,scope,scope,scope,HR
impact,impact,impact,impact,auto,auto,auto,auto,auto,auto,auto,auto,auto,auto,auto,auto,auto,auto,scope,scope,talent
impact,impact,impact,impact,auto,auto,auto,auto,auto,auto,auto,auto,auto,auto,auto,auto,scope,scope,scope,scope,scope,scope,scope
impact,impact,impact,impact,auto,auto,auto,auto,auto,auto,auto,auto,auto,auto,auto,auto,auto,auto,auto,auto,auto,auto,auto,auto,scope,scope,scope,scope,scope,scope
impact,impact,impact,impact,auto,auto,auto,auto,auto,auto,auto,auto,auto,auto,auto,auto,auto,auto,auto,auto,scope,scope,scope,scope,scope,scope,scope,scope,training,training
impact,impact,impact,impact,vervoer,vervoer,auto,auto,auto,auto,auto,auto,auto,auto,auto,auto,auto,auto,scope,scope,scope,scope,scope,scope
impact,impact,impact,impact,impact,auto,auto,auto,auto,auto,auto,auto,auto,auto,auto,auto,auto,scope,carriere,carriere,carriere,carriere,carriere,carriere,carriere,carriere,carriere,carriere,carriere,carriere,carriere
uitstoot,uitstoot,impact,impact,vervoer,vervoer,vervoer,vervoer,vervoer,vervoer,vervoer,vervoer,vervoer,vervoer,vervoer,vervoer,vervoer,auto,auto,auto,auto,auto,auto,auto,auto,auto,auto,auto,auto,gezondheid,gezondheid,gezondheid,gezondheid,gezondheid,scope,carriere,carriere,carriere,carriere,carriere,carriere,carriere,carriere,carriere,carriere,carriere,carriere,carriere,medewerkers,medewerkers,medewerkers,medewerkers,medewerkers
impact,impact,impact,impact,auto,auto,auto,auto,auto,auto,auto,auto,auto,auto,scope,scope,scope,scope
impact,impact,impact,impact,auto,auto,auto,auto,auto,auto,auto,auto,auto,auto,auto,auto,auto,auto,auto,auto,auto,auto,auto,auto,scope,scope,scope,scope,scope
impact,impact,impact,impact,auto,auto,auto,auto,auto,auto,auto,auto,auto,auto,auto,auto,scope,scope,scope,scope,scope,HR
uitstoot,uitstoot,impact,impact,milieu,vervoer,vervoer,vervoer,vervoer,vervoer,vervoer,vervoer,vervoer,vervoer,vervoer,auto,auto,auto,auto,auto,auto,auto,auto,auto,auto,auto,auto,auto,auto,auto,auto,auto,auto,auto,gezondheid,gezondheid,gezondheid,gezondheid,gezondheid,gezondheid,scope,scope,scope,scope,scope,scope,scope,carriere,carriere,carriere,carriere,carriere,carriere,carriere,carriere,carriere,carriere,carriere,carriere,carriere,prestatie,prestatie,medewerkers,medewerkers,medewerkers,medewerkers,medewerkers
impact,impact,vervoer,vervoer,vervoer,vervoer,vervoer,vervoer,vervoer,vervoer,vervoer,vervoer,vervoer,vervoer,auto,auto,auto,auto,auto,auto,auto,auto,auto,auto,auto,auto,auto,auto,auto,auto,auto,auto,auto,gezondheid,gezondheid,gezondheid,gezondheid,gezondheid,gezondheid,scope,scope,scope,scope,scope,scope,scope,carriere,carriere,carriere,carriere,carriere,carriere,carriere,carriere,carriere,carriere,carriere,carriere,carriere,medewerkers,medewerkers,medewerkers,medewerkers,medewerkers
impact,impact,impact,impact,impact,auto,auto,auto,auto,auto,auto,auto,auto,auto,auto,auto,auto,auto,auto,auto,auto,auto,scope,scope,scope,scope,scope,scope,carriere,carriere,carriere,carriere,carriere,carriere,carriere,carriere,carriere,carriere,carriere,carriere,carriere
impact,impact,vervoer,vervoer,vervoer,vervoer,vervoer,vervoer,vervoer,vervoer,vervoer,vervoer,vervoer,vervoer,auto,auto,auto,auto,auto,auto,auto,auto,auto,auto,auto,auto,auto,auto,auto,auto,auto,auto,auto,auto,gezondheid,gezondheid,gezondheid,gezondheid,gezondheid,gezondheid,scope,scope,scope,scope,scope,scope,carriere,carriere,carriere,carriere,carriere,carriere,carriere,carriere,carriere,carriere,carriere,carriere,carriere,preventie,medewerkers,medewerkers,medewerkers,medewerkers,medewerkers,incidenten
impact,impact,impact,impact,impact,auto,auto,auto,auto,auto,auto,auto,auto,auto,auto,auto,auto,auto,auto,auto,auto,auto,auto,auto,scope,scope,scope,scope,scope,scope,scope,carriere,carriere,carriere,carriere,carriere,carriere,carriere,carriere,carriere,carriere,carriere,carriere,carriere
impact,impact,vervoer,vervoer,vervoer,vervoer,vervoer,vervoer,vervoer,vervoer,vervoer,vervoer,auto,auto,auto,auto,auto,auto,auto,auto,auto,auto,auto,auto,auto,auto,auto,auto,auto,gezondheid,gezondheid,gezondheid,gezondheid,gezondheid,gezondheid,gezondheid,scope,scope,scope,scope,scope,scope,carriere,carriere,carriere,carriere,carriere,carriere,carriere,carriere,carriere,carriere,carriere,carriere,carriere,medewerkers,medewerkers,medewerkers,medewerkers,medewerkers
impact,impact,impact,impact,impact,auto,auto,auto,auto,auto,auto,auto,auto,auto,auto,auto,auto,auto,auto,auto,auto,auto,auto,auto,scope,scope,scope,scope,scope,scope,scope,carriere,carriere,carriere,carriere,carriere,carriere,carriere,carriere,carriere,carriere,carriere,carriere,carriere
impact,impact,vervoer,vervoer,vervoer,vervoer,vervoer,vervoer,vervoer,vervoer,vervoer,vervoer,vervoer,vervoer,auto,auto,auto,auto,auto,auto,auto,auto,auto,auto,auto,auto,auto,auto,auto,auto,auto,auto,auto,auto,auto,gezondheid,gezondheid,gezondheid,gezondheid,gezondheid,gezondheid,scope,scope,scope,scope,scope,scope,carriere,carriere,carriere,carriere,carriere,carriere,carriere,carriere,carriere,carriere,carriere,carriere,carriere,medewerkers,medewerkers,medewerkers,medewerkers,medewerkers
impact,impact,vervoer,vervoer,vervoer,vervoer,vervoer,vervoer,vervoer,vervoer,vervoer,vervoer,vervoer,vervoer,vervoer,vervoer,auto,auto,auto,auto,auto,auto,auto,auto,auto,auto,auto,auto,auto,auto,auto,auto,auto,auto,auto,gezondheid,gezondheid,gezondheid,gezondheid,gezondheid,gezondheid,scope,scope,scope,scope,scope,scope,carriere,carriere,carriere,carriere,carriere,carriere,carriere,carriere,carriere,carriere,carriere,carriere,carriere,medewerkers,medewerkers,medewerkers,medewerkers,medewerkers
impact,impact,impact,impact,auto,auto,auto,auto,auto,auto,auto,auto,auto,auto,auto,auto,auto,auto,auto,auto,auto,auto,auto,auto,auto,auto,auto,auto,auto,auto,auto,auto,auto,auto,auto,auto,auto,auto,auto,auto,auto,auto,auto,auto,auto,auto,auto,scope,scope,scope,scope,scope,scope
impact,impact,vervoer,vervoer,vervoer,vervoer,vervoer,vervoer,vervoer,vervoer,vervoer,vervoer,auto,auto,auto,auto,auto,auto,auto,auto,auto,auto,auto,auto,auto,auto,auto,auto,auto,auto,auto,gezondheid,gezondheid,gezondheid,gezondheid,gezondheid,gezondheid,scope,scope,scope,scope,scope,scope,scope,carriere,carriere,carriere,carriere,carriere,carriere,carriere,carriere,carriere,carriere,carriere,carriere,carriere,medewerkers,medewerkers,medewerkers,medewerkers,medewerkers
uitstoot,uitstoot,uitstoot,uitstoot,uitstoot,uitstoot,impact,impact,milieu,vervoer,vervoer,vervoer,vervoer,vervoer,vervoer,vervoer,vervoer,vervoer,vervoer,vervoer,vervoer,vervoer,auto,auto,auto,auto,auto,auto,auto,auto,auto,auto,auto,auto,auto,auto,auto,auto,auto,auto,auto,gezondheid,gezondheid,gezondheid,gezondheid,gezondheid,gezondheid,scope,scope,scope,scope,scope,scope,scope,carriere,carriere,carriere,carriere,carriere,carriere,carriere,carriere,carriere,carriere,carriere,carriere,carriere,prestatie,medewerkers,medewerkers,medewerkers,medewerkers,medewerkers
impact,impact,impact,impact,auto,auto,auto,auto,auto,auto,auto,auto,auto,auto,auto,auto,auto,auto,auto,auto,auto,auto,auto,auto,auto,auto,scope,scope,scope,scope,scope
impact,impact,impact,impact,impact,auto,auto,auto,auto,auto,auto,auto,auto,auto,auto,auto,auto,auto,auto,auto,auto,auto,auto,auto,scope,scope,scope,scope,scope,scope,carriere,carriere,carriere,carriere,carriere,carriere,carriere,carriere,carriere,carriere,carriere,carriere,carriere
impact,impact,vervoer,vervoer,vervoer,vervoer,vervoer,vervoer,vervoer,auto,auto,auto,auto,auto,auto,auto,auto,auto,auto,auto,auto,auto,auto,gezondheid,gezondheid,gezondheid,gezondheid,gezondheid,scope,scope,carriere,carriere,carriere,carriere,carriere,carriere,carriere,carriere,carriere,carriere,carriere,carriere,carriere,carrière,medewerkers,medewerkers,medewerkers,medewerkers,medewerkers,talent
impact,impact,impact,impact,impact,auto,auto,auto,auto,auto,auto,auto,auto,auto,auto,scope,scope,scope,scope,carriere,carriere,carriere,carriere,carriere,carriere,carriere,carriere,carriere,carriere,carriere,carriere,carriere
impact,impact,impact,impact,impact,auto,auto,auto,auto,auto,auto,auto,auto,auto,auto,auto,auto,auto,auto,scope,scope,carriere,carriere,carriere,carriere,carriere,carriere,carriere,carriere,carriere,carriere,carriere,carriere,carriere,carrière,talent
impact,impact,vervoer,vervoer,vervoer,vervoer,vervoer,vervoer,vervoer,vervoer,vervoer,vervoer,vervoer,auto,auto,auto,auto,auto,auto,auto,auto,auto,auto,auto,auto,auto,auto,auto,auto,auto,auto,auto,auto,auto,auto,gezondheid,gezondheid,gezondheid,gezondheid,gezondheid,gezondheid,gezondheid,scope,scope,scope,scope,scope,scope,scope,carriere,carriere,carriere,carriere,carriere,carriere,carriere,carriere,carriere,carriere,carriere,carriere,carriere,medewerkers,medewerkers,medewerkers,medewerkers,medewerkers
impact,impact,vervoer,vervoer,vervoer,vervoer,vervoer,vervoer,vervoer,auto,auto,auto,auto,auto,auto,auto,auto,auto,auto,gezondheid,gezondheid,gezondheid,gezondheid,gezondheid,scope,scope,scope,scope,carriere,carriere,carriere,carriere,carriere,carriere,carriere,carriere,carriere,carriere,carriere,carriere,carriere,medewerkers,medewerkers,medewerkers,medewerkers,medewerkers
impact,impact,milieu,vervoer,vervoer,vervoer,vervoer,vervoer,vervoer,vervoer,vervoer,vervoer,vervoer,vervoer,vervoer,vervoer,vervoer,vervoer,vervoer,vervoer,vervoer,vervoer,vervoer,vervoer,vervoer,vervoer,vervoer,vervoer,vervoer,vervoer,auto,auto,auto,auto,auto,auto,auto,auto,auto,auto,auto,auto,auto,auto,auto,auto,auto,auto,auto,auto,auto,auto,auto,auto,auto,auto,auto,auto,auto,auto,auto,auto,auto,auto,auto,auto,auto,auto,auto,auto,auto,auto,auto,auto,auto,auto,auto,auto,auto,auto,auto,auto,auto,auto,gezondheid,gezondheid,gezondheid,gezondheid,gezondheid,gezondheid,gezondheid,gezondheid,scope,scope,scope,scope,scope,scope,scope,carriere,carriere,carriere,carriere,carriere,carriere,carriere,carriere,carriere,carriere,carriere,carriere,carriere,medewerkers,medewerkers,medewerkers,medewerkers,medewerkers
impact,impact,milieu,vervoer,vervoer,vervoer,vervoer,vervoer,vervoer,vervoer,vervoer,vervoer,vervoer,vervoer,auto,auto,auto,auto,auto,auto,auto,auto,auto,auto,auto,auto,auto,auto,auto,auto,auto,auto,auto,auto,auto,gezondheid,gezondheid,gezondheid,gezondheid,gezondheid,gezondheid,gezondheid,gezondheid,gezondheid,gezondheid,gezondheid,gezondheid,gezondheid,gezondheid,gezondheid,gezondheid,gezondheid,gezondheid,gezondheid,scope,scope,scope,scope,scope,scope,scope,scope,carriere,carriere,carriere,carriere,carriere,carriere,carriere,carriere,carriere,carriere,carriere,carriere,carriere,prestatie,prestatie,medewerkers,medewerkers,medewerkers,medewerkers,medewerkers,medewerkers
CO2,CO2,uitstoot,uitstoot,uitstoot,uitstoot,impact,impact,milieu,vervoer,vervoer,vervoer,vervoer,vervoer,vervoer,vervoer,vervoer,vervoer,vervoer,vervoer,vervoer,vervoer,auto,auto,auto,auto,auto,auto,auto,auto,auto,auto,auto,auto,auto,auto,auto,auto,auto,auto,auto,auto,auto,auto,gezondheid,gezondheid,gezondheid,gezondheid,gezondheid,gezondheid,gezondheid,scope,scope,scope,scope,scope,scope,scope,carriere,carriere,carriere,carriere,carriere,carriere,carriere,carriere,carriere,carriere,carriere,carriere,carriere,prestatie,prestatie,prestatie,aanwezigheid,medewerkers,medewerkers,medewerkers,medewerkers,medewerkers,vrede
impact,impact,vervoer,vervoer,vervoer,vervoer,vervoer,vervoer,vervoer,auto,auto,auto,auto,auto,auto,auto,auto,auto,auto,auto,auto,auto,gezondheid,gezondheid,gezondheid,gezondheid,gezondheid,scope,werknemer,werknemer,werknemer,werknemer,werknemers,werknemers,werknemers,werknemers,carriere,carriere,carriere,carriere,carriere,carriere,carriere,carriere,carriere,carriere,carriere,carriere,carriere,werknemer,werknemer,werknemer,werknemer,werknemers,werknemers,werknemers,werknemers,prestatie,aanwezigheid,klacht,medewerkers,medewerkers,medewerkers,medewerkers,medewerkers,medewerkers
impact,impact,vervoer,vervoer,vervoer,vervoer,vervoer,vervoer,vervoer,auto,auto,auto,auto,auto,auto,auto,auto,auto,auto,gezondheid,gezondheid,gezondheid,gezondheid,gezondheid,scope,carriere,carriere,carriere,carriere,carriere,carriere,carriere,carriere,carriere,carriere,carriere,carriere,carriere,medewerkers,medewerkers,medewerkers,medewerkers,medewerkers
impact,impact,vervoer,vervoer,vervoer,vervoer,vervoer,vervoer,vervoer,auto,auto,auto,auto,auto,auto,auto,auto,auto,auto,gezondheid,gezondheid,gezondheid,gezondheid,gezondheid,scope,carriere,carriere,carriere,carriere,carriere,carriere,carriere,carriere,carriere,carriere,carriere,carriere,carriere,medewerkers,medewerkers,medewerkers,medewerkers,medewerkers
impact,impact,vervoer,vervoer,vervoer,vervoer,vervoer,vervoer,vervoer,vervoer,auto,auto,auto,auto,auto,auto,auto,auto,auto,auto,auto,auto,gezondheid,gezondheid,gezondheid,gezondheid,gezondheid,scope,carriere,carriere,carriere,carriere,carriere,carriere,carriere,carriere,carriere,carriere,carriere,carriere,carriere,medewerkers,medewerkers,medewerkers,medewerkers,medewerkers
impact,impact,vervoer,vervoer,vervoer,vervoer,vervoer,vervoer,vervoer,vervoer,auto,auto,auto,auto,auto,auto,auto,auto,auto,auto,gezondheid,gezondheid,gezondheid,gezondheid,gezondheid,scope,carriere,carriere,carriere,carriere,carriere,carriere,carriere,carriere,carriere,carriere,carriere,carriere,carriere,HR,medewerkers,medewerkers,medewerkers,medewerkers,medewerkers
impact,impact,impact,impact,impact,auto,auto,auto,auto,auto,auto,auto,auto,auto,auto,scope,carriere,carriere,carriere,carriere,carriere,carriere,carriere,carriere,carriere,carriere,carriere,carriere,carriere
impact,impact,impact,impact,impact,auto,auto,auto,auto,auto,auto,auto,auto,auto,auto,scope,carriere,carriere,carriere,carriere,carriere,carriere,carriere,carriere,carriere,carriere,carriere,carriere,carriere
impact,impact,impact,impact,impact,auto,auto,auto,auto,auto,auto,auto,auto,auto,auto,auto,auto,auto,auto,auto,auto,auto,auto,auto,parking,scope,carriere,carriere,carriere,carriere,carriere,carriere,carriere,carriere,carriere,carriere,carriere,carriere,carriere,carrière,carrière
impact,impact,vervoer,vervoer,vervoer,vervoer,vervoer,vervoer,vervoer,vervoer,vervoer,vervoer,auto,auto,auto,auto,auto,auto,auto,auto,auto,auto,auto,auto,auto,auto,auto,auto,auto,auto,auto,auto,auto,auto,auto,auto,auto,auto,auto,auto,auto,auto,auto,auto,auto,auto,auto,auto,auto,auto,auto,auto,auto,auto,auto,gezondheid,gezondheid,gezondheid,gezondheid,gezondheid,gezondheid,scope,scope,scope,scope,scope,scope,carriere,carriere,carriere,carriere,carriere,carriere,carriere,carriere,carriere,carriere,carriere,carriere,carriere,medewerkers,medewerkers,medewerkers,medewerkers,medewerkers
impact,impact,vervoer,vervoer,vervoer,vervoer,vervoer,vervoer,vervoer,vervoer,vervoer,vervoer,auto,auto,auto,auto,auto,auto,auto,auto,auto,auto,auto,auto,auto,auto,auto,auto,auto,auto,auto,auto,auto,auto,gezondheid,gezondheid,gezondheid,gezondheid,gezondheid,gezondheid,scope,scope,scope,scope,scope,carriere,carriere,carriere,carriere,carriere,carriere,carriere,carriere,carriere,carriere,carriere,carriere,carriere,medewerkers,medewerkers,medewerkers,medewerkers,medewerkers
impact,impact,impact,impact,impact,auto,auto,auto,auto,auto,auto,auto,auto,auto,auto,auto,auto,auto,auto,auto,auto,auto,auto,auto,auto,auto,auto,auto,auto,auto,auto,auto,auto,auto,auto,auto,auto,auto,auto,auto,auto,auto,auto,auto,auto,auto,auto,auto,scope,scope,scope,scope,scope,scope,carriere,carriere,carriere,carriere,carriere,carriere,carriere,carriere,carriere,carriere,carriere,carriere,carriere
impact,impact,impact,impact,impact,auto,auto,auto,auto,auto,auto,auto,auto,auto,auto,auto,auto,auto,auto,scope,carriere,carriere,carriere,carriere,carriere,carriere,carriere,carriere,carriere,carriere,carriere,carriere,carriere
impact,impact,impact,impact,vervoer,vervoer,vervoer,vervoer,auto,auto,auto,auto,auto,auto,auto,auto,auto,auto,auto,auto,auto,auto,auto,auto,auto,auto,auto,scope,scope,scope,scope,scope,scope
impact,impact,impact,impact,auto,auto,auto,auto,auto,auto,auto,auto,auto,auto,auto,auto,auto,auto,auto,auto,auto,auto,auto,auto,auto,scope,scope,scope,scope,scope,scope
impact,impact,impact,impact,impact,auto,auto,auto,auto,auto,auto,auto,auto,auto,auto,auto,auto,scope,scope,scope,scope,scope,carriere,carriere,carriere,carriere,carriere,carriere,carriere,carriere,carriere,carriere,carriere,carriere,carriere
impact,impact,impact,impact,impact,auto,auto,auto,auto,auto,auto,auto,auto,auto,auto,auto,auto,auto,auto,auto,auto,auto,auto,auto,auto,auto,auto,scope,scope,scope,scope,scope,carriere,carriere,carriere,carriere,carriere,carriere,carriere,carriere,carriere,carriere,carriere,carriere,carriere

impact,impact,impact,impact,auto,auto,auto,auto,auto,auto,auto,auto,auto,auto,auto,auto,auto,auto,auto,auto,auto,auto,auto,auto,auto,scope,scope,scope,scope,scope
impact,impact,vervoer,vervoer,vervoer,vervoer,vervoer,vervoer,vervoer,auto,auto,auto,auto,auto,auto,auto,auto,auto,auto,gezondheid,gezondheid,gezondheid,gezondheid,gezondheid,scope,carriere,carriere,carriere,carriere,carriere,carriere,carriere,carriere,carriere,carriere,carriere,carriere,carriere,medewerkers,medewerkers,medewerkers,medewerkers,medewerkers
impact,impact,vervoer,vervoer,vervoer,vervoer,vervoer,vervoer,vervoer,vervoer,vervoer,vervoer,vervoer,vervoer,vervoer,vervoer,vervoer,vervoer,vervoer,vervoer,vervoer,vervoer,vervoer,vervoer,vervoer,vervoer,vervoer,vervoer,vervoer,auto,auto,auto,auto,auto,auto,auto,auto,auto,auto,auto,auto,gezondheid,gezondheid,gezondheid,gezondheid,gezondheid,gezondheid,scope,scope,scope,scope,scope,carriere,carriere,carriere,carriere,carriere,carriere,carriere,carriere,carriere,carriere,carriere,carriere,carriere,medewerkers,medewerkers,medewerkers,medewerkers,medewerkers
impact,impact,impact,impact,auto,auto,auto,auto,auto,auto,auto,auto,auto,auto,auto,auto,auto,auto,auto,auto,auto,scope,scope,scope,scope,scope
impact,impact,vervoer,vervoer,vervoer,vervoer,vervoer,vervoer,vervoer,auto,auto,auto,auto,auto,auto,auto,auto,auto,auto,gezondheid,gezondheid,gezondheid,gezondheid,gezondheid,scope,carriere,carriere,carriere,carriere,carriere,carriere,carriere,carriere,carriere,carriere,carriere,carriere,carriere,medewerkers,medewerkers,medewerkers,medewerkers,medewerkers
impact,impact,impact,impact,auto,auto,auto,auto,auto,auto,auto,auto,auto,auto,auto,auto,scope,scope,scope,scope,scope,scope
impact,impact,vervoer,vervoer,vervoer,vervoer,vervoer,vervoer,vervoer,vervoer,vervoer,vervoer,auto,auto,auto,auto,auto,auto,auto,auto,auto,auto,auto,auto,auto,auto,auto,auto,auto,auto,auto,auto,auto,gezondheid,gezondheid,gezondheid,gezondheid,gezondheid,gezondheid,scope,scope,scope,scope,scope,scope,carriere,carriere,carriere,carriere,carriere,carriere,carriere,carriere,carriere,carriere,carriere,carriere,carriere,promotie,promotie,medewerkers,medewerkers,medewerkers,medewerkers,medewerkers
impact,impact,vervoer,vervoer,vervoer,vervoer,vervoer,vervoer,vervoer,vervoer,vervoer,vervoer,auto,auto,auto,auto,auto,auto,auto,auto,auto,auto,auto,auto,auto,auto,auto,auto,auto,auto,auto,auto,auto,gezondheid,gezondheid,gezondheid,gezondheid,gezondheid,gezondheid,scope,scope,scope,scope,scope,scope,carriere,carriere,carriere,carriere,carriere,carriere,carriere,carriere,carriere,carriere,carriere,carriere,carriere,promotie,promotie,medewerkers,medewerkers,medewerkers,medewerkers,medewerkers
impact,impact,vervoer,vervoer,vervoer,vervoer,vervoer,vervoer,vervoer,vervoer,vervoer,vervoer,auto,auto,auto,auto,auto,auto,auto,auto,auto,auto,auto,auto,gezondheid,gezondheid,gezondheid,gezondheid,gezondheid,gezondheid,gezondheid,gezondheid,gezondheid,gezondheid,gezondheid,gezondheid,gezondheid,scope,scope,scope,scope,scope,scope,scope,scope,carriere,carriere,carriere,carriere,carriere,carriere,carriere,carriere,carriere,carriere,carriere,carriere,carriere,HR,medewerkers,medewerkers,medewerkers,medewerkers,medewerkers
impact,impact,vervoer,vervoer,vervoer,vervoer,vervoer,vervoer,vervoer,vervoer,vervoer,vervoer,auto,auto,auto,auto,auto,auto,auto,auto,auto,auto,auto,auto,gezondheid,gezondheid,gezondheid,gezondheid,gezondheid,gezondheid,scope,scope,scope,scope,scope,scope,carriere,carriere,carriere,carriere,carriere,carriere,carriere,carriere,carriere,carriere,carriere,carriere,carriere,medewerkers,medewerkers,medewerkers,medewerkers,medewerkers
impact,impact,vervoer,vervoer,vervoer,vervoer,vervoer,vervoer,vervoer,vervoer,vervoer,vervoer,auto,auto,auto,auto,auto,auto,auto,auto,auto,auto,auto,auto,gezondheid,gezondheid,gezondheid,gezondheid,gezondheid,gezondheid,scope,scope,scope,scope,scope,scope,carriere,carriere,carriere,carriere,carriere,carriere,carriere,carriere,carriere,carriere,carriere,carriere,carriere,medewerkers,medewerkers,medewerkers,medewerkers,medewerkers
uitstoot,uitstoot,impact,impact,vervoer,vervoer,vervoer,vervoer,vervoer,vervoer,vervoer,vervoer,vervoer,vervoer,vervoer,verplaatsing,auto,auto,auto,auto,auto,auto,auto,auto,auto,auto,auto,gezondheid,gezondheid,gezondheid,gezondheid,gezondheid,scope,scope,scope,scope,carriere,carriere,carriere,carriere,carriere,carriere,carriere,carriere,carriere,carriere,carriere,carriere,carriere,medewerkers,medewerkers,medewerkers,medewerkers,medewerkers
uitstoot,uitstoot,impact,impact,vervoer,vervoer,vervoer,vervoer,vervoer,vervoer,vervoer,vervoer,vervoer,verplaatsing,auto,auto,auto,auto,auto,auto,auto,auto,auto,auto,auto,gezondheid,gezondheid,gezondheid,gezondheid,gezondheid,scope,scope,scope,scope,carriere,carriere,carriere,carriere,carriere,carriere,carriere,carriere,carriere,carriere,carriere,carriere,carriere,medewerkers,medewerkers,medewerkers,medewerkers,medewerkers
impact,impact,vervoer,vervoer,vervoer,vervoer,vervoer,vervoer,vervoer,vervoer,vervoer,vervoer,vervoer,vervoer,vervoer,vervoer,vervoer,vervoer,vervoer,vervoer,vervoer,vervoer,vervoer,vervoer,vervoer,vervoer,vervoer,vervoer,auto,auto,auto,auto,auto,auto,auto,auto,auto,auto,auto,auto,auto,auto,auto,auto,auto,auto,auto,auto,auto,auto,gezondheid,gezondheid,gezondheid,gezondheid,gezondheid,gezondheid,scope,scope,scope,scope,scope,scope,carriere,carriere,carriere,carriere,carriere,carriere,carriere,carriere,carriere,carriere,carriere,carriere,carriere,medewerkers,medewerkers,medewerkers,medewerkers,medewerkers
impact,impact,vervoer,vervoer,vervoer,vervoer,vervoer,vervoer,vervoer,vervoer,vervoer,vervoer,auto,auto,auto,auto,auto,auto,auto,auto,auto,auto,auto,auto,gezondheid,gezondheid,gezondheid,gezondheid,gezondheid,gezondheid,scope,scope,scope,scope,scope,scope,carriere,carriere,carriere,carriere,carriere,carriere,carriere,carriere,carriere,carriere,carriere,carriere,carriere,medewerkers,medewerkers,medewerkers,medewerkers,medewerkers
impact,impact,vervoer,vervoer,vervoer,vervoer,vervoer,vervoer,vervoer,auto,auto,auto,auto,auto,auto,auto,auto,auto,auto,gezondheid,gezondheid,gezondheid,gezondheid,gezondheid,scope,carriere,carriere,carriere,carriere,carriere,carriere,carriere,carriere,carriere,carriere,carriere,carriere,carriere,medewerkers,medewerkers,medewerkers,medewerkers,medewerkers
impact,impact,impact,impact,auto,auto,auto,auto,auto,auto,auto,auto,auto,auto,auto,auto,auto,auto,auto,auto,auto,auto,auto,auto,auto,auto,auto,scope
impact,impact,impact,impact,auto,auto,auto,auto,auto,auto,auto,auto,auto,auto,auto,auto,auto,auto,auto,auto,auto,auto,auto,auto,scope,scope,scope,scope,scope
impact,impact,vervoer,vervoer,vervoer,vervoer,vervoer,vervoer,vervoer,vervoer,vervoer,vervoer,auto,auto,auto,auto,auto,auto,auto,auto,auto,auto,auto,auto,auto,auto,auto,auto,auto,auto,auto,auto,auto,gezondheid,gezondheid,gezondheid,gezondheid,gezondheid,gezondheid,scope,scope,scope,scope,scope,scope,carriere,carriere,carriere,carriere,carriere,carriere,carriere,carriere,carriere,carriere,carriere,carriere,carriere,promotie,promotie,HR,medewerkers,medewerkers,medewerkers,medewerkers,medewerkers
impact,impact,vervoer,vervoer,vervoer,vervoer,vervoer,vervoer,vervoer,vervoer,vervoer,vervoer,vervoer,vervoer,vervoer,vervoer,vervoer,vervoer,vervoer,vervoer,vervoer,vervoer,vervoer,vervoer,vervoer,vervoer,vervoer,vervoer,vervoer,auto,auto,auto,auto,auto,auto,auto,auto,auto,auto,auto,auto,auto,auto,auto,auto,auto,auto,auto,gezondheid,gezondheid,gezondheid,gezondheid,gezondheid,gezondheid,scope,scope,scope,scope,scope,scope,carriere,carriere,carriere,carriere,carriere,carriere,carriere,carriere,carriere,carriere,carriere,carriere,carriere,medewerkers,medewerkers,medewerkers,medewerkers,medewerkers
impact,impact,impact,impact,impact,vervoer,vervoer,vervoer,vervoer,auto,auto,auto,auto,auto,auto,auto,auto,auto,auto,auto,auto,auto,auto,auto,auto,auto,auto,auto,scope,scope,scope,scope,scope,scope,carriere,carriere,carriere,carriere,carriere,carriere,carriere,carriere,carriere,carriere,carriere,carriere,carriere
impact,impact,impact,impact,impact,auto,auto,auto,auto,auto,auto,auto,auto,auto,auto,scope,carriere,carriere,carriere,carriere,carriere,carriere,carriere,carriere,carriere,carriere,carriere,carriere,carriere
impact,impact,vervoer,vervoer,vervoer,vervoer,vervoer,vervoer,vervoer,vervoer,vervoer,vervoer,vervoer,vervoer,auto,auto,auto,auto,auto,auto,auto,auto,auto,auto,auto,auto,auto,auto,auto,auto,auto,auto,auto,auto,auto,gezondheid,gezondheid,gezondheid,gezondheid,gezondheid,gezondheid,scope,scope,scope,scope,scope,carriere,carriere,carriere,carriere,carriere,carriere,carriere,carriere,carriere,carriere,carriere,carriere,carriere,promotie,promotie,medewerkers,medewerkers,medewerkers,medewerkers,medewerkers
impact,impact,impact,impact,impact,auto,auto,auto,auto,auto,auto,auto,auto,auto,auto,auto,auto,auto,auto,auto,auto,auto,auto,auto,auto,auto,scope,scope,scope,scope,scope,scope,carriere,carriere,carriere,carriere,carriere,carriere,carriere,carriere,carriere,carriere,carriere,carriere,carriere
impact,impact,impact,impact,impact,auto,auto,auto,auto,auto,auto,auto,auto,auto,auto,auto,auto,auto,auto,auto,auto,auto,auto,auto,auto,auto,scope,scope,scope,scope,scope,carriere,carriere,carriere,carriere,carriere,carriere,carriere,carriere,carriere,carriere,carriere,carriere,carriere,carrière
impact,impact,vervoer,vervoer,vervoer,vervoer,vervoer,vervoer,vervoer,vervoer,vervoer,vervoer,auto,auto,auto,auto,auto,auto,auto,auto,auto,auto,auto,auto,gezondheid,gezondheid,gezondheid,gezondheid,gezondheid,gezondheid,scope,scope,scope,scope,scope,scope,carriere,carriere,carriere,carriere,carriere,carriere,carriere,carriere,carriere,carriere,carriere,carriere,carriere,medewerkers,medewerkers,medewerkers,medewerkers,medewerkers
impact,impact,vervoer,vervoer,vervoer,vervoer,vervoer,vervoer,vervoer,vervoer,vervoer,vervoer,auto,auto,auto,auto,auto,auto,auto,auto,auto,auto,auto,auto,gezondheid,gezondheid,gezondheid,gezondheid,gezondheid,gezondheid,scope,scope,scope,scope,scope,scope,carriere,carriere,carriere,carriere,carriere,carriere,carriere,carriere,carriere,carriere,carriere,carriere,carriere,medewerkers,medewerkers,medewerkers,medewerkers,medewerkers
impact,impact,impact,impact,impact,auto,auto,auto,auto,auto,auto,auto,auto,auto,auto,auto,auto,scope,scope,scope,scope,scope,scope,carriere,carriere,carriere,carriere,carriere,carriere,carriere,carriere,carriere,carriere,carriere,carriere,carriere
impact,impact,impact,impact,impact,auto,auto,auto,auto,auto,auto,auto,auto,auto,auto,auto,auto,auto,auto,auto,auto,auto,auto,auto,auto,auto,scope,scope,scope,scope,scope,scope,carriere,carriere,carriere,carriere,carriere,carriere,carriere,carriere,carriere,carriere,carriere,carriere,carriere,HR
impact,impact,vervoer,vervoer,vervoer,vervoer,vervoer,vervoer,vervoer,vervoer,vervoer,vervoer,vervoer,vervoer,vervoer,vervoer,auto,auto,auto,auto,auto,auto,auto,auto,auto,auto,auto,auto,auto,auto,auto,auto,auto,gezondheid,gezondheid,gezondheid,gezondheid,gezondheid,gezondheid,scope,scope,scope,scope,scope,carriere,carriere,carriere,carriere,carriere,carriere,carriere,carriere,carriere,carriere,carriere,carriere,carriere,promotie,promotie,HR,medewerkers,medewerkers,medewerkers,medewerkers,medewerkers
impact,impact,impact,impact,impact,auto,auto,auto,auto,auto,auto,auto,auto,auto,auto,auto,auto,auto,auto,auto,auto,auto,scope,scope,scope,scope,scope,carriere,carriere,carriere,carriere,carriere,carriere,carriere,carriere,carriere,carriere,carriere,carriere,carriere,carrière
impact,impact,impact,impact,impact,vervoer,vervoer,vervoer,vervoer,auto,auto,auto,auto,auto,auto,auto,auto,auto,auto,auto,auto,auto,auto,auto,auto,auto,auto,auto,auto,auto,auto,auto,auto,auto,auto,scope,scope,scope,scope,scope,scope,carriere,carriere,carriere,carriere,carriere,carriere,carriere,carriere,carriere,carriere,carriere,carriere,carriere
impact,impact,impact,impact,impact,auto,auto,auto,auto,auto,auto,auto,auto,auto,auto,auto,auto,auto,auto,auto,auto,auto,auto,auto,auto,auto,auto,auto,auto,auto,auto,auto,auto,auto,auto,auto,auto,auto,scope,scope,scope,scope,scope,scope,carriere,carriere,carriere,carriere,carriere,carriere,carriere,carriere,carriere,carriere,carriere,carriere,carriere
impact,impact,impact,impact,impact,auto,auto,auto,auto,auto,auto,auto,auto,auto,auto,auto,auto,scope,scope,scope,scope,scope,scope,carriere,carriere,carriere,carriere,carriere,carriere,carriere,carriere,carriere,carriere,carriere,carriere,carriere,HR
impact,impact,impact,impact,impact,auto,auto,auto,auto,auto,auto,auto,auto,auto,auto,auto,auto,gezondheid,gezondheid,scope,scope,scope,scope,scope,scope,scope,scope,carriere,carriere,carriere,carriere,carriere,carriere,carriere,carriere,carriere,carriere,carriere,carriere,carriere
impact,impact,impact,impact,auto,auto,auto,auto,auto,auto,auto,auto,auto,auto,auto,auto,auto,auto,auto,auto,auto,auto,auto,auto,scope,scope,scope,scope,scope
impact,impact,impact,impact,auto,auto,auto,auto,auto,auto,auto,auto,auto,auto,auto,auto,auto,auto,auto,auto,auto,auto,auto,auto,auto,auto,auto,auto,auto,auto,auto,auto,auto,scope,scope
impact,impact,impact,impact,auto,auto,auto,auto,auto,auto,auto,auto,auto,auto,auto,auto,auto,auto,auto,auto,auto,auto,auto,auto,auto,auto,auto,auto,auto,auto,auto,auto,auto,scope,scope
impact,impact,impact,impact,impact,auto,auto,auto,auto,auto,auto,auto,auto,auto,auto,auto,auto,auto,auto,auto,auto,auto,auto,auto,auto,scope
impact,impact,impact,impact,impact,auto,auto,auto,auto,auto,auto,auto,auto,auto,auto,auto,auto,auto,auto,auto,auto,auto,auto,auto,auto,auto,auto,auto,auto,auto,auto,auto,auto,auto,scope,scope
impact,impact,impact,impact,auto,auto,auto,auto,auto,auto,auto,auto,auto,auto,auto,auto,auto,auto,auto,auto,auto,auto,auto,auto,auto,auto,auto,auto,auto,auto,auto,auto,auto,scope,scope,HR
impact,impact,impact,impact,auto,auto,auto,auto,auto,auto,auto,auto,auto,auto,auto,auto,auto,auto,auto,auto,auto,auto,auto,auto,auto,auto,scope,scope,scope,scope,HR,HR
impact,impact,impact,impact,impact,auto,auto,auto,auto,auto,auto,auto,auto,auto,auto,auto,scope,scope,scope,scope,scope,carriere,carriere,carriere,carriere,carriere,carriere,carriere,carriere,carriere,carriere,carriere,carriere,carriere
impact,impact,impact,impact,auto,auto,auto,auto,auto,auto,auto,auto,auto,auto,auto,auto,auto,auto,auto,auto,auto,auto,auto,auto,auto,auto,auto,auto,auto,auto,auto,auto,auto,scope,scope,HR
impact,impact,impact,impact,auto,auto,auto,auto,auto,auto,auto,auto,auto,auto,auto,auto,auto,auto,auto,auto,auto,auto,auto,auto,auto,auto,auto,auto,auto,auto,auto,scope,scope,scope,scope,scope,scope
impact,impact,impact,impact,auto,auto,auto,auto,auto,auto,auto,auto,auto,auto,auto,auto,auto,auto,auto,auto,auto,auto,auto,auto,auto,auto,auto,scope,scope,scope,scope,scope,scope,HR
impact,impact,impact,impact,auto,auto,auto,auto,auto,auto,auto,auto,auto,auto,auto,auto,auto,auto,auto,auto,auto,auto,auto,auto,scope,scope,HR
impact,impact,impact,impact,auto,auto,auto,auto,auto,auto,auto,auto,auto,auto,auto,auto,auto,auto,auto,auto,auto,auto,auto,auto,scope,scope,scope,scope,scope
impact,impact,impact,impact,auto,auto,auto,auto,auto,auto,auto,auto,auto,auto,auto,auto,auto,auto,auto,auto,auto,auto,auto,auto,auto,scope,scope,scope,scope,scope,scope,scope
impact,impact,impact,impact,auto,auto,auto,auto,auto,auto,auto,auto,auto,auto,auto,auto,auto,auto,auto,auto,auto,auto,auto,scope

impact,impact,impact,impact,impact,auto,auto,auto,auto,auto,auto,auto,auto,auto,auto,auto,auto,auto,auto,auto,auto,auto,auto,auto,auto,auto,scope,scope,scope,scope,scope,scope,HR
impact,impact,impact,impact,auto,auto,auto,auto,auto,auto,auto,auto,auto,auto,auto,auto,auto,auto,auto,auto,auto,auto,auto,auto,scope,scope,scope,scope,scope,scope,HR,HR

impact,impact,impact,impact,auto,auto,auto,auto,auto,auto,auto,auto,auto,auto,auto,auto,auto,auto,auto,auto,auto,auto,auto,scope
impact,impact,impact,impact,auto,auto,auto,auto,auto,auto,auto,auto,auto,auto,auto,auto,auto,auto,auto,auto,auto,auto,auto,auto,auto,scope,scope,HR,training
impact,impact,impact,impact,auto,auto,auto,auto,auto,auto,auto,auto,auto,auto,auto,auto,auto,auto,auto,auto,auto,auto,auto,scope
impact,impact,impact,impact,auto,auto,auto,auto,auto,auto,auto,auto,auto,auto,auto,auto,auto,auto,auto,auto,auto,auto,auto,scope,HR,HR
impact,impact,impact,impact,impact,auto,auto,auto,auto,auto,auto,auto,auto,auto,auto,auto,auto,auto,auto,auto,auto,auto,auto,auto,auto,auto,auto,auto,scope,scope,scope,scope,scope,scope,carriere,carriere,carriere,carriere,carriere,carriere,carriere,carriere,carriere,carriere,carriere,carriere,carriere
impact,impact,vervoer,vervoer,vervoer,vervoer,vervoer,vervoer,vervoer,vervoer,vervoer,vervoer,auto,auto,auto,auto,auto,auto,auto,auto,auto,auto,auto,auto,auto,auto,auto,auto,auto,auto,auto,auto,auto,auto,auto,auto,auto,auto,auto,auto,auto,auto,auto,auto,auto,gezondheid,gezondheid,gezondheid,gezondheid,gezondheid,gezondheid,scope,scope,scope,scope,scope,scope,carriere,carriere,carriere,carriere,carriere,carriere,carriere,carriere,carriere,carriere,carriere,carriere,carriere,promotie,promotie,HR,medewerkers,medewerkers,medewerkers,medewerkers,medewerkers
impact,impact,impact,impact,impact,auto,auto,auto,auto,auto,auto,auto,auto,auto,auto,auto,auto,auto,auto,auto,auto,auto,auto,auto,auto,auto,auto,auto,auto,scope,scope,scope,scope,scope,scope,carriere,carriere,carriere,carriere,carriere,carriere,carriere,carriere,carriere,carriere,carriere,carriere,carriere
impact,impact,impact,impact,auto,auto,auto,auto,auto,auto,auto,auto,auto,auto,auto,auto,auto,auto,auto,auto,auto,auto,auto,scope
impact,impact,impact,impact,auto,auto,auto,auto,auto,auto,auto,auto,auto,auto,auto,auto,auto,auto,auto,auto,auto,auto,auto,auto,auto,auto,scope
impact,impact,impact,impact,auto,auto,auto,auto,auto,auto,auto,auto,auto,auto,auto,auto,auto,auto,auto,auto,auto,auto,auto,auto,auto,auto,scope
impact,impact,impact,impact,auto,auto,auto,auto,auto,auto,auto,auto,auto,auto,auto,auto,auto,auto,auto,auto,auto,auto,auto,auto,auto,auto,auto,scope,scope,talent
impact,impact,impact,impact,auto,auto,auto,auto,auto,auto,auto,auto,auto,auto,auto,auto,auto,auto,auto,auto,auto,auto,auto,scope
impact,impact,impact,impact,auto,auto,auto,auto,auto,auto,auto,auto,auto,auto,auto,auto,auto,auto,auto,auto,auto,auto,auto,auto,auto,scope
impact,impact,impact,impact,auto,auto,auto,auto,auto,auto,auto,auto,auto,auto,auto,auto,auto,auto,auto,auto,auto,auto,auto,scope
impact,impact,impact,impact,impact,auto,auto,auto,auto,auto,auto,auto,auto,auto,auto,auto,auto,auto,auto,auto,auto,auto,auto,auto,auto,auto,auto,auto,auto,auto,auto,auto,auto,auto,auto,auto,auto,auto,auto,auto,auto,auto,auto,auto,auto,auto,auto,auto,auto,auto,auto,auto,scope,scope,scope,scope,scope,scope,scope,scope,scope,scope,scope,scope,scope,scope,scope,scope,scope,scope,scope,scope,scope,scope,scope,scope,scope,scope,scope,scope,scope,training,training
impact,impact,impact,impact,impact,auto,auto,auto,auto,auto,auto,auto,auto,auto,auto,auto,auto,auto,auto,auto,auto,auto,auto,auto,auto,auto,auto,scope
impact,impact,impact,impact,auto,auto,auto,auto,auto,auto,auto,auto,auto,auto,auto,auto,auto,auto,auto,auto,auto,auto,auto,auto,auto,auto,auto,scope,scope,scope,scope,scope,scope,training
impact,impact,impact,impact,impact,auto,auto,auto,auto,auto,auto,auto,auto,auto,auto,auto,auto,auto,auto,auto,auto,auto,auto,auto,auto,auto,auto,scope,scope,scope,scope
impact,impact,impact,impact,impact,impact,auto,auto,auto,auto,auto,auto,auto,auto,auto,auto,auto,auto,auto,auto,auto,auto,auto,auto,auto,auto,auto,auto,scope
impact,impact,impact,impact,impact,impact,auto,auto,auto,auto,auto,auto,auto,auto,auto,auto,auto,auto,auto,auto,auto,auto,auto,auto,auto,auto,auto,auto,auto,auto,auto,scope,scope,scope,scope,scope,HR,HR
impact,impact,impact,impact,impact,auto,auto,auto,auto,auto,auto,auto,auto,auto,auto,auto,auto,auto,auto,auto,auto,auto,auto,auto,auto,auto,auto,auto,auto,auto,auto,auto,auto,auto,auto,auto,auto,auto,scope,scope,scope,scope,scope,scope,carriere,carriere,carriere,carriere,carriere,carriere,carriere,carriere,carriere,carriere,carriere,carriere,carriere
impact,impact,impact,impact,auto,auto,auto,auto,auto,auto,auto,auto,auto,auto,auto,auto,auto,auto,auto,auto,auto,auto,auto,auto,auto,scope,scope,scope,scope,scope,scope,HR
impact,impact,impact,impact,auto,auto,auto,auto,auto,auto,auto,auto,auto,auto,auto,auto,auto,auto,auto,auto,auto,auto,auto,auto,auto,auto,auto,auto,auto,auto,auto,auto,auto,auto,auto,auto,auto,scope,scope,scope,scope,scope,scope
impact,impact,milieu,vervoer,vervoer,vervoer,vervoer,vervoer,vervoer,vervoer,vervoer,vervoer,vervoer,vervoer,vervoer,vervoer,vervoer,vervoer,vervoer,vervoer,vervoer,vervoer,vervoer,vervoer,vervoer,vervoer,vervoer,vervoer,vervoer,vervoer,vervoer,vervoer,vervoer,vervoer,vervoer,vervoer,vervoer,vervoer,auto,auto,auto,auto,auto,auto,auto,auto,auto,auto,auto,auto,auto,auto,auto,auto,auto,auto,auto,auto,auto,gezondheid,gezondheid,gezondheid,gezondheid,gezondheid,gezondheid,scope,scope,scope,scope,scope,scope,carriere,carriere,carriere,carriere,carriere,carriere,carriere,carriere,carriere,carriere,carriere,carriere,carriere,medewerkers,medewerkers,medewerkers,medewerkers,medewerkers
impact,impact,impact,impact,auto,auto,auto,auto,auto,auto,auto,auto,auto,auto,auto,auto,auto,auto,auto,auto,auto,auto,auto,auto,auto,auto,scope,scope,scope,scope,scope,scope,scope
impact,impact,impact,impact,auto,auto,auto,auto,auto,auto,auto,auto,auto,auto,auto,auto,auto,auto,auto,auto,auto,auto,auto,auto,auto,auto,scope
impact,impact,vervoer,vervoer,vervoer,vervoer,vervoer,vervoer,vervoer,vervoer,vervoer,vervoer,vervoer,vervoer,vervoer,vervoer,vervoer,vervoer,vervoer,vervoer,vervoer,vervoer,vervoer,vervoer,vervoer,vervoer,vervoer,vervoer,auto,auto,auto,auto,auto,auto,auto,auto,auto,auto,auto,auto,auto,auto,auto,auto,auto,auto,auto,auto,auto,auto,auto,gezondheid,gezondheid,gezondheid,gezondheid,gezondheid,gezondheid,scope,scope,scope,scope,scope,scope,carriere,carriere,carriere,carriere,carriere,carriere,carriere,carriere,carriere,carriere,carriere,carriere,carriere,medewerkers,medewerkers,medewerkers,medewerkers,medewerkers,training
impact,impact,impact,impact,auto,auto,auto,auto,auto,auto,auto,auto,auto,auto,auto,auto,auto,auto,auto,auto,auto,auto,auto,auto,auto,auto,auto,auto,auto,auto,auto,auto,auto,auto,auto,auto,auto,auto,auto,auto,auto,auto,auto,auto,auto,auto,auto,auto,auto,auto,auto,auto,auto,auto,auto,auto,auto,auto,auto,auto,auto,auto,auto,auto,auto,auto,auto,auto,scope,scope,scope,scope,scope,scope,managers,managers,managers
impact,impact,impact,impact,auto,auto,auto,auto,auto,auto,auto,auto,auto,auto,auto,auto,auto,auto,auto,auto,auto,auto,auto,auto,auto,auto,scope,scope,scope,scope,scope,scope,scope,scope,scope,scope,scope,HR
impact,impact,impact,impact,auto,auto,auto,auto,auto,auto,auto,auto,auto,auto,auto,auto,auto,auto,auto,auto,auto,auto,auto,auto,auto,auto,auto,auto,auto,scope,scope,scope,scope,scope
impact,impact,impact,impact,impact,auto,auto,auto,auto,auto,auto,auto,auto,auto,auto,auto,auto,scope,scope,scope,scope,scope,carriere,carriere,carriere,carriere,carriere,carriere,carriere,carriere,carriere,carriere,carriere,carriere,carriere,HR
impact,impact,impact,impact,impact,auto,auto,auto,auto,auto,auto,auto,auto,auto,auto,auto,auto,auto,auto,auto,auto,auto,auto,auto,auto,scope,scope,scope,scope,scope,carriere,carriere,carriere,carriere,carriere,carriere,carriere,carriere,carriere,carriere,carriere,carriere,carriere,HR

impact,impact,impact,impact,impact,auto,auto,auto,auto,auto,auto,auto,auto
impact,impact,impact,impact,impact,auto,auto,auto,auto,auto,auto,auto,auto
impact,impact,impact,impact,impact,auto,auto,auto,auto,auto,auto,auto,auto,auto
auto,auto,auto,auto,auto,auto,auto,auto,auto,auto,auto,auto,auto,auto,auto,auto,auto,auto,auto,auto,auto,auto,auto,auto,auto,auto,auto,auto,auto,auto,auto,auto,auto,auto,auto,auto,auto,auto,auto,auto,auto,auto,auto,auto,auto,auto,auto,auto,auto,auto,auto,auto,auto,auto,auto,auto,auto,auto,auto,auto,auto,auto,auto,auto,auto,auto,auto,auto,auto,auto,auto,auto,auto,auto,auto,auto,auto,auto,auto,auto,auto,auto,auto,auto,auto,auto,auto,auto,auto,auto,auto,auto,auto,auto,auto,auto,auto,auto,auto,auto,auto,auto,auto,auto,auto,auto,auto,auto,auto,auto,auto,auto,auto,auto,auto,auto,auto,auto,auto,auto,auto,auto,auto,auto,auto,auto,auto,auto,auto,auto,auto,auto,auto,auto,auto,auto,auto,auto,auto,auto,auto,auto,auto,auto,auto,auto,auto,auto,auto,auto,auto,auto,auto,auto,auto,auto,auto,auto,auto,auto,auto,auto,auto,auto,auto,auto,auto
impact,impact,impact,impact,impact,auto,auto,auto,auto,auto,auto,auto,auto,HR
impact,impact,impact,impact,impact,auto,auto,auto,auto,auto,auto,auto,auto
impact,impact,impact,impact,impact,auto,auto,auto,auto,auto,auto,auto,auto,auto
impact,impact,impact,impact,impact,auto,auto,auto,auto,auto,auto,auto,auto
impact,impact,impact,auto,auto,auto,auto,auto,auto,auto,auto,auto,auto,scope,scope,scope,scope,scope,scope,scope,scope,scope,scope,scope,scope
impact,impact,impact,impact,impact,auto,auto,auto,auto,auto,auto,auto,auto,scope,scope
impact,impact,impact,impact,auto,auto,auto,auto,auto,auto,auto,auto,auto,auto,scope
impact,impact,impact,impact,impact,impact,impact,impact,impact,auto,auto,auto,auto,auto,auto,auto,auto,auto,auto,auto,auto,auto,scope,carriere,carriere,carriere,carriere,carriere,carriere,carriere,carriere,carriere,carriere,carriere,carriere,carriere
impact,impact,impact,impact,impact,auto,auto,auto,auto,auto,auto,auto,auto,auto
impact,impact,impact,impact,impact,auto,auto,auto,auto,auto,auto,auto,auto
impact,impact,impact,impact,impact,auto,auto,auto,auto,auto,auto,auto,auto
impact,impact,impact,impact,impact,auto,auto,auto,auto,auto,auto,auto,auto
impact,impact,impact,impact,impact,auto,auto,auto,auto,auto,auto,auto,auto,auto,auto,auto,auto,auto,auto,auto,auto,auto,auto,auto,auto,scope,scope,scope,scope,scope,scope,scope
impact,impact,impact,impact,impact,impact,auto,auto,auto,auto,auto,auto,auto,auto,auto,scope,scope,scope,scope
impact,impact,impact,impact,auto,auto,auto,auto,auto,auto,auto,auto,auto,auto,auto,auto,auto,auto,auto,auto,auto,auto,auto,auto,auto,auto,auto,auto,auto,auto,auto,auto,auto,auto,auto,auto,scope,scope,scope,scope,scope
impact,impact,impact,impact,impact,auto,auto,auto,auto,auto,auto,auto,auto
impact,impact,impact,impact,impact,auto,auto,auto,auto,auto,auto,auto,auto
impact,impact,impact,impact,auto,auto,auto,auto,auto,auto,auto,auto,auto,auto,auto,auto,auto,auto,auto,auto,auto,auto,auto,auto,auto,auto,auto,auto,auto,auto,auto,auto,auto,auto,auto,auto,auto,auto,auto,auto,auto,auto,auto,auto,auto,auto,auto,auto,auto,auto,auto,auto,auto,auto,auto,auto,auto,auto,auto,auto,auto,auto,auto,auto,auto,auto,auto,auto,auto,auto,auto,auto,auto,auto,auto,auto,auto,auto,auto,scope,scope,scope,scope,scope,scope,scope,managers,managers,managers
impact,impact,impact,impact,impact,auto,auto,auto,auto,auto,auto,auto,auto,scope,scope,scope
impact,impact,impact,impact,impact,impact,auto,auto,auto,auto,auto,auto,auto,auto,auto,auto,auto,auto,auto,auto,auto,auto,auto,auto,auto,auto,scope,scope,scope,scope,scope,scope
impact,impact,impact,impact,impact,auto,auto,auto,auto,auto,auto,auto,auto
impact,impact,impact,impact,impact,auto,auto,auto,auto,auto,auto,auto,auto,auto,auto,scope,training
impact,impact,impact,impact,impact,auto,auto,auto,auto,auto,auto,auto,auto
impact,impact,impact,impact,impact,auto,auto,auto,auto,auto,auto,auto,auto,HR
impact,impact,impact,impact,impact,auto,auto,auto,auto,auto,auto,auto,auto,scope,scope,scope
impact,impact,impact,impact,impact,auto,auto,auto,auto,auto,auto,auto,auto,auto,scope,scope,scope,scope
impact,impact,impact,impact,impact,auto,auto,auto,auto,auto,auto,auto,auto,auto,auto,auto,auto,auto,auto,auto,auto,auto,auto,scope,scope,scope,scope
impact,impact,impact,impact,impact,auto,auto,auto,auto,auto,auto,auto,auto,auto,auto,auto,auto,auto,auto,auto,auto,auto,auto,auto,auto,scope,scope,scope,scope,scope,HR
impact,impact,impact,impact,impact,auto,auto,auto,auto,auto,auto,auto,auto,auto,auto,auto,auto,auto,auto,auto,auto,auto,auto,auto,auto,auto,auto,auto,auto,auto,auto,auto,auto,auto,auto,auto,scope,scope,scope,scope,scope
impact,impact,impact,impact,impact,auto,auto,auto,auto,auto,auto,auto,auto,auto,auto,auto,auto,auto,auto,auto,auto,auto,auto,auto,scope,scope,scope,scope,scope,HR
impact,impact,impact,impact,impact,impact,auto,auto,auto,auto,auto,auto,auto,auto,auto,auto,auto,auto,auto,auto,auto,auto,auto,auto,scope,scope,scope,scope,scope,scope,scope,training
impact,impact,impact,impact,impact,auto,auto,auto,auto,auto,auto,auto,auto,auto,auto,scope,scope,scope,scope,HR,HR,training,training,training,training,training,training
impact,impact,impact,impact,impact,auto,auto,auto,auto,auto,auto,auto,auto,auto,auto,auto,scope,scope,scope,HR
impact,impact,impact,impact,impact,auto,auto,auto,auto,auto,auto,auto,auto,auto,scope,scope,scope,scope,training,training,training,training,training,training,training
impact,impact,impact,impact,impact,auto,auto,auto,auto,auto,auto,auto,auto,scope,scope,scope
impact,impact,impact,impact,impact,impact,impact,auto,auto,auto,auto,auto,auto,auto,auto,auto,scope,scope,scope,scope,scope,human resources,HR,HR,HR,training,training,talent,talent
impact,impact,impact,impact,impact,auto,auto,auto,auto,auto,auto,auto,auto,auto,scope,scope,scope,scope,training,training,training,training,training,training,training
auto,auto,auto,auto,auto,auto,auto,auto,auto,auto,auto,auto,auto,auto,auto,auto,auto,auto,auto,auto,auto,auto,auto,auto,auto,auto,auto,auto,auto,auto,auto,auto,auto,auto,auto
impact,impact,impact,impact,impact,impact,auto,auto,auto,auto,auto,auto,auto,auto,auto,scope,scope,scope,scope,scope,talent
impact,impact,impact,impact,auto,auto,auto,auto,auto,auto,auto,auto,auto,auto,auto,auto,auto,auto,auto,auto,auto,auto,auto,scope,scope,scope,scope
impact,impact,impact,impact,impact,auto,auto,auto,auto,auto,auto,auto,auto,scope,scope,scope
impact,impact,impact,impact,impact,auto,auto,auto,auto,auto,auto,auto,auto,auto,auto,scope,scope,scope,scope,scope
impact,impact,impact,impact,impact,impact,auto,auto,auto,auto,auto,auto,auto,auto,auto,scope,scope,scope,scope,scope,HR,HR,HR,managers,training,talent,talent,talent,talent
impact,impact,impact,impact,impact,auto,auto,auto,auto,auto,auto,auto,auto,auto,auto,scope,scope,scope,scope,scope
impact,impact,impact,impact,auto,auto,auto,auto,auto,auto,auto,auto,auto,auto,auto,auto,scope,scope,scope,scope,scope,scope,scope
impact,impact,impact,impact,auto,auto,auto,auto,auto,auto,auto,auto,auto,auto,auto,scope,scope,scope,scope,managers,training,training,training,training,training,training,training,training,training,talent
impact,impact,impact,impact,auto,auto,auto,auto,auto,auto,auto,auto,auto,auto,scope
impact,impact,impact,impact,impact,auto,auto,auto,auto,auto,auto,auto,auto
impact,impact,impact,impact,auto,auto,auto,auto,auto,auto,auto,auto,auto,auto,scope
impact,impact,impact,auto,auto,auto,scope
impact,impact,impact,impact,impact,impact,impact,impact,auto,auto,auto,auto,auto,auto,auto,auto,auto,auto,auto,auto,auto,auto,auto,auto,auto,scope,scope,scope,scope,scope,scope
impact,auto,auto,auto,scope,scope
impact,auto,auto,auto,scope,training
impact,impact,impact,impact,impact,auto,auto,auto,auto,auto,auto,auto,auto,auto,auto,scope,scope,scope,scope
impact,impact,impact,impact,impact,impact,impact,auto,auto,auto,auto,auto,auto,auto,auto,auto,scope,scope,scope,scope
impact,impact,impact,impact,impact,auto,auto,auto,auto,auto,auto,auto,auto,auto,auto,scope,scope,scope,scope
impact,impact,impact,impact,impact,auto,auto,auto,auto,auto,auto,auto,auto,auto,auto,auto,auto,auto,auto,auto,auto,auto,auto,auto,auto,auto,auto,auto,auto,auto,auto,auto,auto,auto,auto,scope,scope,scope,scope
impact,impact,impact,auto,auto,auto,scope,scope
impact,impact,impact,impact,impact,impact,impact,impact,auto,auto,auto,auto,auto,auto,auto,auto,auto,scope,scope,scope,scope,scope,talent,talent,talent
impact,impact,impact,impact,impact,impact,impact,auto,auto,auto,auto,auto,auto,auto,auto,auto,scope,scope,scope,scope,scope,talent,talent
impact,impact,impact,impact,impact,auto,auto,auto,auto,auto,auto,auto,auto,auto,auto,scope,scope,scope,scope
impact,impact,impact,impact,impact,impact,impact,auto,auto,auto,auto,auto,auto,auto,auto,scope,scope,scope,HR
impact,impact,impact,auto,auto,auto,auto,auto,auto,auto,scope,scope,scope,scope
impact,impact,impact,auto,auto,auto,auto,auto,auto,auto,scope,scope,scope,scope
impact,impact,impact,impact,auto,auto,auto,auto,auto,auto,auto,auto,scope,scope,scope
impact,impact,impact,impact,impact,auto,auto,auto,auto,auto,auto,auto,auto,auto,auto,scope,scope,scope,scope
impact,impact,impact,auto,auto,auto,auto,auto,auto,auto,scope,scope,scope,scope
impact,impact,impact,impact,auto,auto,auto,auto,auto,auto,auto,auto,auto,auto,auto,auto,auto,auto,auto,auto,auto,auto,auto,auto,auto,auto,auto,scope,scope,scope,scope,scope,scope,scope
impact,impact,impact,impact,auto,auto,auto,auto,auto,auto,auto,auto,auto,auto,auto,auto,auto,auto,auto,auto,auto,auto,auto,auto,auto,auto,auto,scope,scope,scope,scope,scope,scope,scope
impact,impact,impact,impact,impact,impact,impact,auto,auto,auto,auto,auto,auto,auto,auto,auto,auto,auto,auto,auto,auto,auto,auto,auto,auto,auto,scope,scope,scope,scope,scope,scope,talent
impact,impact,impact,impact,auto,auto,auto,auto,auto,auto,auto,auto,auto,auto,auto,auto,auto,auto,auto,auto,auto,auto,auto,auto,auto,auto,auto,scope,scope,scope,scope,scope,scope,scope
impact,impact,impact,impact,auto,auto,auto,auto,auto,auto,auto,auto,auto,auto,auto,auto,scope,scope,scope,scope,scope
impact,impact,impact,impact,auto,auto,auto,auto,auto,auto,auto,auto,auto,auto,auto,auto,auto,auto,auto,auto,auto,auto,auto,auto,auto,auto,auto,scope,scope,scope,scope,scope,scope,scope,HR,managers
impact,impact,impact,impact,auto,auto,auto,auto,auto,auto,auto,auto,auto,auto,auto,auto,auto,auto,auto,auto,auto,auto,auto,auto,auto,auto,auto,scope,scope,scope,scope,scope,scope,scope
impact,impact,impact,impact,auto,auto,auto,auto,auto,auto,auto,auto,auto,auto,auto,auto,scope
impact,impact,impact,impact,impact,auto,auto,auto,auto,auto,auto,auto,auto,auto,auto,auto,auto,scope
auto,auto,auto,auto,auto,auto,auto,auto,auto,auto,auto,auto,auto,auto,auto,auto,auto,auto,auto,auto,auto,auto,auto,auto,auto,auto
impact,impact,impact,impact,impact,impact,auto,auto,auto,auto,auto,auto,auto,auto,auto,auto,auto,auto,scope
impact,impact,impact,impact,impact,auto,auto,auto,auto,auto,auto,auto,auto,auto,auto,auto,auto,auto,auto,auto,auto,auto,auto,auto,auto,auto,auto,auto,auto,auto,auto,auto,auto,auto,auto,scope,scope,scope,scope,HR
impact,impact,impact,impact,auto,auto,auto,auto,auto,auto,auto,auto,auto,auto,auto,auto,scope,scope,scope,scope,scope
impact,impact,impact,impact,auto,auto,auto,auto,auto,auto,auto,auto,auto,auto,scope,scope,scope,scope
impact,impact,impact,impact,impact,impact,impact,impact,impact,auto,auto,auto,auto,auto,auto,auto,auto,auto,auto,auto,auto,auto,auto,auto,auto,auto,scope,scope,scope,scope,scope,talent
impact,impact,impact,impact,auto,auto,auto,auto,auto,auto,auto,auto,auto,auto,scope
impact,impact,impact,impact,auto,auto,auto,auto,auto,auto,auto,auto,scope,scope,scope
auto,auto,auto,auto,auto,auto,scope,scope,scope,scope
impact,impact,impact,impact,auto,auto,auto,auto,auto,auto,auto,auto
impact,impact,auto,auto,auto,auto,auto,auto,auto,auto,auto,auto,auto,auto,auto,auto,auto,auto,auto,auto,auto,auto,auto,auto,auto,auto,auto,auto,auto,auto,auto,auto,auto,auto,auto,auto,auto,auto,auto,auto,auto,auto,auto,auto,auto,auto,auto,auto,auto,auto,auto,auto,auto,auto,auto,auto,auto,auto,auto,auto,auto,auto,auto,auto,auto,auto,auto,auto,auto,auto,auto,auto,auto,auto,auto,auto,auto,auto,auto,auto,auto,auto,auto,auto,auto,auto,auto,auto,auto,auto,auto,auto,auto,auto,auto,auto,auto,auto,auto,auto,auto,auto,auto,auto,auto,scope,scope,scope,scope,scope,scope,scope,HR,HR,HR,training,training,talent,talent,talent,talent,talent
impact,impact,impact,impact,impact,impact,impact,impact,impact,auto,auto,auto,auto,auto,auto,auto,auto,auto,auto,auto,auto,auto,auto,auto,auto,auto,scope,scope,scope,scope,scope
impact,impact,impact,impact,auto,auto,auto,auto,auto,auto,auto,auto
impact,auto,auto,auto,auto,auto,auto,auto,auto,auto,auto,auto,auto,auto,auto,auto,auto,scope,scope,scope,scope,scope,scope,scope,beloning
impact,impact,impact,impact,auto,auto,auto,auto,auto,auto,auto,auto,auto,auto,auto,auto,auto,auto
impact,impact,impact,impact,auto,auto,auto,auto,auto,auto,auto,auto,auto,auto,auto,auto,auto,auto,scope,scope,scope,scope,scope,scope,beloning,beloning
impact,impact,impact,impact,auto,auto,auto,auto,auto,auto,auto,auto,auto,auto,auto,auto,auto,auto,auto
impact,auto,auto,auto,auto,auto,auto,auto,auto,auto,auto,auto,auto,auto,auto,auto,auto,scope,scope,scope,scope,scope,scope,scope,beloning
impact,auto,auto,auto,auto,auto,auto,auto,auto,auto,auto,auto,auto,auto,auto,auto,auto,scope,scope,scope,scope,scope,scope,scope,beloning
impact,impact,impact,impact,auto,auto,auto,auto,auto,auto,auto,auto,auto,auto,auto,auto,auto,auto,auto,auto,auto,auto,auto,auto,auto,auto,auto,auto,auto,scope,scope,scope,scope,scope,scope
impact,auto,auto,auto,auto,auto,auto,scope,beloning
impact,auto,auto,auto,auto,auto,auto,scope,beloning
impact,auto,auto,auto,auto,auto,auto,scope,scope,scope,scope,scope,beloning
impact,auto,auto,auto,auto,auto,auto,auto,auto,auto,auto,auto,auto,auto,auto,auto,auto,scope,scope,scope,scope,scope,scope,scope,beloning
impact,auto,auto,auto,auto,auto,auto,auto,auto,auto,auto,auto,auto,auto,auto,auto,auto,scope,scope,scope,scope,scope,scope,scope,beloning
impact,impact,impact,impact,auto,auto,auto,auto,auto,auto,auto,auto,auto,auto,auto,auto,auto,auto,auto,scope,scope,scope,scope,scope,scope,HR
impact,impact,auto,auto,auto,auto,auto,auto,auto,auto,auto,auto,auto,auto,auto,auto,auto,auto,auto,auto,auto,auto,auto,auto,auto,auto,auto,auto,auto,auto,auto,auto,auto,auto,auto,auto,auto,auto,auto,auto,auto,auto,auto,auto,auto,auto,auto,auto,auto,auto,auto,auto,auto,auto,auto,auto,auto,auto,auto,auto,auto,auto,auto,auto,auto,auto,auto,auto,auto,auto,auto,auto,auto,auto,auto,auto,auto,auto,auto,auto,auto,auto,auto,auto,auto,auto,auto,auto,auto,auto,auto,auto,auto,auto,auto,auto,auto,auto,auto,auto,auto,auto,auto,auto,auto,scope,scope,scope,scope,scope,scope,scope,HR,HR,HR,training,training,talent,talent,talent,talent,talent
impact,impact,impact,impact,auto,auto,auto,auto,auto,auto,auto,auto,auto,auto,auto,auto,scope,scope,scope,scope,scope,HR
impact,impact,impact,impact,auto,auto,auto,auto,auto,auto,auto,auto,auto,auto,auto,auto,auto,auto,auto,auto,auto,auto,auto,auto,auto,scope,scope,scope,scope,scope,scope

impact,impact,impact,impact,impact,auto,auto,auto,auto,auto,auto,auto,auto,auto,auto,auto,auto,auto,auto,auto,auto,scope,scope,scope,scope,scope,scope,scope
impact,impact,impact,impact,auto,auto,auto,auto,auto,auto,auto,auto,auto,auto,auto,auto,auto,auto,auto,scope,scope,scope,scope,scope,scope,scope
impact,impact,impact,impact,auto,auto,auto,auto,auto,auto,auto,auto,auto,auto,auto,auto,scope
auto,auto,auto,auto,auto,auto,scope,scope,scope,scope
auto,auto,auto,auto,auto,auto,scope,scope,scope
auto,auto,auto,auto,auto,auto,scope,scope,scope
impact,auto,auto,auto,auto,auto,scope,HR,beloning
auto,auto,auto,auto,auto,auto,scope,scope,scope
impact,impact,impact,impact,auto,auto,auto,auto,auto,auto,auto,auto,auto,auto,auto,auto,auto,auto,auto,auto,auto,scope
auto,auto,auto,auto,auto,auto,auto,scope,scope,scope
impact,impact,impact,impact,auto,auto,auto,auto,auto,auto,auto,auto,auto,auto,auto,auto,auto,auto,auto,auto,auto,scope,scope,scope,scope,scope,scope,scope
impact,auto,auto,auto,auto,auto,auto,auto,auto,auto,auto,auto,auto,auto,scope,scope,scope,scope,scope,scope,scope,beloning
impact,auto,auto,auto,auto,auto,auto,auto,auto,auto,scope,scope,scope,scope,scope,scope,beloning
impact,impact,impact,impact,auto,auto,auto,auto,auto,auto,auto,auto,auto,auto,auto,auto,auto,auto,auto,auto,auto,auto,auto,auto,auto,auto,auto,auto,auto,auto,auto,auto,auto,auto,auto,auto,auto,auto,auto,auto,auto,scope,scope,scope,scope,scope,HR,HR,HR,HR
impact,auto,auto,auto,auto,auto,auto,auto,auto,auto,auto,auto,auto,auto,auto,scope,scope,scope,scope,scope,beloning
impact,auto,auto,auto,auto,auto,auto,scope,scope,scope,scope,scope,beloning
impact,auto,auto,auto,auto,auto,auto,auto,auto,auto,auto,scope,scope,scope,scope,scope,beloning
impact,impact,auto,auto,auto,auto,auto,auto,scope,scope,scope,scope,scope,beloning,beloning
impact,auto,auto,auto,auto,auto,auto,auto,auto,auto,auto,auto,scope,scope,scope,scope,scope,scope,scope,beloning
impact,auto,auto,auto,auto,auto,auto,scope,beloning
impact,impact,impact,impact,auto,auto,auto,auto,auto,auto,auto,auto,auto,auto,auto,auto,scope
impact,auto,auto,auto,auto,auto,auto,auto,auto,auto,auto,auto,auto,scope,scope,scope,scope,scope,scope,scope,beloning
impact,auto,auto,auto,auto,auto,auto,auto,auto,auto,auto,auto,auto,scope,scope,scope,scope,scope,scope,scope,beloning

auto,auto,auto,auto,auto,auto,auto,auto,auto,auto,auto,auto,auto,auto,auto,auto,auto,auto,auto,auto,auto,auto,auto,auto,auto,auto,auto,auto,auto,auto,auto,auto,auto,auto,auto,auto,auto,auto,auto,auto,auto,auto,auto,auto,auto,auto,auto,auto,auto,auto,auto,auto,auto,auto,auto,auto,auto,auto,auto,auto,auto,auto,auto,auto,auto,auto,auto,auto,auto,auto,auto,auto,auto,auto,auto,auto,auto,auto,auto,auto,auto,auto,auto,auto,auto,auto,auto,auto,auto,auto,auto,auto,auto,auto,auto,auto,auto,auto,auto,auto,auto,auto,auto,auto,auto,auto,auto,auto,auto,auto,auto,auto,auto,auto,auto,auto,auto,auto,auto,auto,auto,auto,auto,auto,auto,auto,auto,auto,auto,auto,auto,auto,auto,auto,auto,auto,auto,auto,auto,auto,auto,auto,auto,auto,auto,auto,auto,auto,auto,auto,auto,auto,auto,auto,auto,auto,auto
impact,auto,auto,auto,auto,auto,auto,auto,auto,auto,auto,auto,auto,auto,auto,auto,scope,scope,scope,scope,scope,scope,beloning
impact,auto,auto,auto,auto,auto,auto,scope,beloning
impact,auto,auto,auto,auto,auto,scope,HR,beloning
impact,auto,auto,auto,auto,auto,auto,scope,scope,scope,scope,scope,HR,beloning
impact,auto,auto,auto,auto,auto,scope,beloning
impact,auto,auto,auto,auto,auto,auto,auto,auto,auto,auto,auto,scope,beloning
impact,impact,impact,impact,auto,auto,auto,auto,auto,auto,auto,auto,auto,auto,scope,HR
impact,impact,impact,impact,auto,auto,auto,auto,auto,auto,auto,auto,auto,auto,auto,auto,auto,auto,auto,auto,auto,auto,auto,auto,scope,scope,scope,scope,scope,scope,scope
impact,impact,impact,impact,auto,auto,auto,auto,auto,auto,auto,auto,auto,auto,auto,auto,auto,auto,auto,auto,auto,auto,scope,scope,scope,scope,scope,scope,scope
impact,impact,impact,impact,auto,auto,auto,auto,auto,auto,auto,auto,auto,auto,auto,auto,auto,auto,auto,auto,auto,auto,scope,scope,scope,scope,scope,scope,scope,HR
impact,impact,impact,impact,auto,auto,auto,auto,auto,auto,auto,auto,auto,auto,auto,auto,auto,auto,auto,auto,auto,auto,auto,auto,scope,scope,scope,scope,scope,scope,scope
impact,impact,impact,impact,auto,auto,auto,auto,auto,auto,auto,auto,auto,auto,auto,auto,auto,auto,auto,auto,auto,auto,scope,scope,scope,scope,scope,scope,scope
impact,impact,impact,impact,auto,auto,auto,auto,auto,auto,auto,auto,auto,auto,auto,auto,auto,auto,auto,auto,auto,auto,scope,scope,scope,scope,scope,scope,scope,HR
impact,impact,impact,impact,auto,auto,auto,auto,auto,auto,auto,auto,auto,auto,auto,auto,auto,auto,auto,auto,auto,auto,auto,auto,auto,auto,auto,auto,scope,scope,scope,scope,scope,scope,scope
impact,impact,impact,impact,auto,auto,auto,auto,auto,auto,auto,auto,auto,auto,auto,auto,auto,auto,auto,auto,auto,auto,auto,auto,auto,auto,scope,scope,scope,scope,scope,scope,scope
impact,impact,impact,impact,auto,auto,auto,auto,auto,auto,auto,auto,auto,auto,auto,auto,auto,auto,auto,auto,auto,scope,scope,scope,scope,scope,scope,scope
impact,impact,impact,impact,auto,auto,auto,auto,auto,auto,auto,auto,auto,auto,auto,auto,auto,auto,auto,auto,auto,auto,auto,auto,auto,auto,auto,auto,auto,parking,scope,scope,scope,scope,scope,scope
impact,impact,impact,impact,auto,auto,auto,auto,auto,auto,auto,auto,auto,auto,auto,auto,auto,auto,auto,auto,auto,auto,auto,auto,scope,scope,scope,scope,scope,scope,HR
impact,impact,impact,impact,auto,auto,auto,auto,auto,auto,auto,auto,auto,auto,auto,auto,auto,auto,auto,auto,scope,scope,scope,scope,scope,scope,training
impact,impact,impact,impact,auto,auto,auto,auto,auto,auto,auto,auto,auto,auto,auto,auto,auto,auto,auto,auto,auto,auto,auto,auto,auto,auto,auto,auto,auto,auto,auto,auto,scope
impact,impact,impact,impact,auto,auto,auto,auto,auto,auto,auto,auto,auto,auto,auto,auto,auto,auto,auto,scope,scope,scope,scope,scope,scope,scope
auto
impact,impact,impact,impact,auto,auto,auto,auto,auto,auto,auto,auto,auto,auto,auto,auto,auto,auto,auto,auto,auto,auto,auto,auto,auto,auto,auto,auto,auto,scope,scope,scope,scope,scope,scope,scope
auto,auto,auto,auto,auto,auto,auto,auto,auto,auto,auto,auto,auto,auto,auto,auto,auto,auto,auto,auto,auto,auto,auto,auto,auto,auto,auto,auto,scope,HR,HR,HR
auto,auto,auto,auto,auto,auto,auto,auto,auto,auto,auto,auto,auto,auto,auto,auto,auto,auto,auto,auto,scope,scope,scope,scope,scope,scope
auto,auto,auto,auto,auto,auto,auto,auto,auto,auto,auto,auto,auto,auto,auto,auto,auto,auto,auto,auto,auto,auto,auto,auto,auto,scope,scope,scope,scope,scope,scope
auto,auto,auto,auto,auto,auto,auto,auto,auto,auto,auto,auto,auto,auto,auto,scope,scope,scope,scope,scope,scope,scope
impact,auto,auto,auto,auto,auto,auto,auto,auto,auto,auto,auto,auto,scope,scope,scope,scope,scope,scope,scope,beloning
impact,auto,auto,auto,auto,auto,auto,auto,auto,auto,auto,auto,auto,scope,scope,scope,scope,scope,scope,scope,beloning
impact,auto,auto,auto,auto,auto,scope,beloning
impact,auto,auto,auto,auto,auto,auto,auto,auto,auto,auto,auto,auto,auto,auto,scope,scope,scope,scope,scope,scope,scope,beloning
impact,auto,auto,auto,auto,auto,auto,auto,auto,auto,auto,auto,scope,scope,scope,scope,scope,scope,scope,beloning
auto,auto,auto,auto,auto,auto,auto,auto,auto,auto,auto,auto,auto,auto,auto,auto,scope,scope,scope,scope,scope,scope
impact,auto,auto,auto,auto,auto,auto,auto,auto,auto,auto,auto,auto,scope,scope,scope,scope,scope,scope,scope,beloning
impact,auto,auto,auto,auto,auto,auto,auto,auto,auto,auto,auto,scope,scope,scope,scope,scope,scope,scope,beloning
impact,auto,auto,auto,auto,auto,auto,auto,auto,auto,auto,auto,auto,auto,auto,auto,auto,auto,auto,